origin	destination	distance
1536.287,1786.613	1561.0528,1786.6467	51.9858177
1536.287,1786.613	1535.7457,1807.3386	43.73364306994077
2340.7143,566.85714	2343.2142,542.92857	50.227561307636904
2340.7143,566.85714	2353.2143,577.92857	36.92082196950644
960.10691,1565.8165	953.79294,1564.1007	13.967089426339344